{
    "Precision": 0.725,
    "Recall": 0.8333333333333334,
    "F1-score": 0.7678571428571428,
    "Accuracy": 0.8333333333333334
}