{
    "Precision": 0.11688311688311688,
    "Recall": 0.3333333333333333,
    "F1-score": 0.1714285714285714,
    "Accuracy": 0.3333333333333333
}