{
    "Precision": 0.027777777777777776,
    "Recall": 0.16666666666666666,
    "F1-score": 0.047619047619047616,
    "Accuracy": 0.16666666666666666
}